VesselID,Time,Latitude,Longitude,SOG,COG
Vessel_A,10:00,12.90,74.80,12.0,90
Vessel_A,10:05,12.90,74.81,12.0,90
Vessel_A,10:10,12.90,74.82,11.8,90
Vessel_A,10:15,12.90,74.83,11.8,90
Vessel_A,10:20,12.90,74.84,11.5,90

Vessel_B,10:00,12.80,74.75,10.0,45
Vessel_B,10:05,12.81,74.76,10.0,45
Vessel_B,10:10,12.82,74.77,9.8,45
Vessel_B,10:15,12.83,74.78,9.8,45
Vessel_B,10:20,12.84,74.79,9.5,45

Vessel_C,10:00,13.00,74.85,8.0,135
Vessel_C,10:05,12.99,74.86,8.0,135
Vessel_C,10:10,12.98,74.87,7.8,135
Vessel_C,10:15,12.97,74.88,7.8,135
Vessel_C,10:20,12.96,74.89,7.5,135