VesselID,Time,Latitude,Longitude,SOG,COG
Vessel_A,10:00,12.8900,74.7600,11.0,90
Vessel_A,10:05,12.8950,74.7750,10.8,75
Vessel_A,10:10,12.9000,74.7900,10.5,75
Vessel_A,10:15,12.9040,74.8000,10.2,75
Vessel_A,10:20,12.9060,74.8060,10.0,75
Vessel_B,09:50,12.7800,74.7000,9.0,45
Vessel_B,09:55,12.7850,74.7050,9.0,45
Vessel_B,10:00,12.7900,74.7100,8.8,45
Vessel_B,10:05,12.7950,74.7150,8.8,45
Vessel_B,10:10,12.8000,74.7200,8.5,45
Vessel_C,10:00,13.0200,74.9000,8.0,135
Vessel_C,10:05,13.0150,74.8950,7.8,135
Vessel_C,10:10,13.0100,74.8900,7.8,135
Vessel_C,10:15,13.0050,74.8850,7.5,135
Vessel_C,10:20,13.0000,74.8800,7.5,135
